t_Myr,megno_mean,megno_std,Tlyap_mean_Myr,Tlyap_std_Myr,Tlyap_slope_Myr,megno_0,megno_1,megno_2,megno_3,megno_4,megno_5,megno_6,megno_7
0.2500000001443949,1.7203906033435372,0.11532394739042655,1.5985288351976266,0.8366667629496751,,1.8952013655039588,1.7491363089662466,1.610316880744385,1.757066263088823,1.8327263836561871,1.6895946578658054,1.5014603931008315,1.72762257382206
0.5000000008202616,1.7557731635704992,0.09711319480661258,8.068243712211654,9.153854960046154,,1.9299168525363624,1.776835473425666,1.688441856168328,1.7335142643184795,1.8235906330138065,1.7165867911507064,1.577962598190777,1.7993368397598664
0.7500000014961284,1.7736970138061987,0.09112690640298145,34.3080404311543,58.29223359190204,,1.9418470047827556,1.7774970368354555,1.721791604700206,1.7494033471062904,1.8391973140883828,1.6984693973545395,1.6277041953179412,1.8336662102640189
1.000000002171995,1.7841222353761141,0.09053393287769497,8.957859880876804,3.5402119652085076,,1.9480667847531188,1.7759336313738514,1.7429226622677902,1.7632596544487598,1.8513961749703753,1.6770415687982423,1.6595834588226699,1.8547739475741063
1.2500000028478617,1.7968253542730626,0.08869029003885097,21.570704461899567,27.148704951806668,,1.9529372646251837,1.7828464274799851,1.762913148657806,1.7799567048984977,1.8635596196666626,1.6744516758790948,1.687153055498056,1.8707849374792145
1.5000000035237284,1.8108608831022277,0.08454325165372566,16.084703079638032,11.061236366309217,,1.9572449892516819,1.794885295282548,1.782081495182432,1.7957393767237497,1.8741882529223834,1.686617552057344,1.712432626596386,1.883697476801295
1.7500000041995951,1.8236548198899842,0.08015056207854677,15.618842731766387,7.949961680902525,,1.9608157218600304,1.8068845624839724,1.7985652229525235,1.809856329087915,1.8834215534770178,1.701407029362028,1.734202946097839,1.8940851937985468
2.000000004875462,1.8341682568293471,0.07654613874202258,16.001084508064586,6.829188030017934,10.01420863034063,1.9636488156560352,1.8166973435482836,1.811842409093461,1.8217448337566071,1.891200854636105,1.7136719867414003,1.7521566072097265,1.9023832039931572
2.2500000055513283,1.8431384850180872,0.07342358302431726,68.96893001736898,138.31280576385927,10.782030607750745,1.9659966241127638,1.8252639393641081,1.823082210347503,1.8319205139595292,1.8977977617244344,1.724517442145644,1.7672704494597582,1.9092589390309562
2.500000006227195,1.8514103230488659,0.07030976628167727,29.780180782496817,32.573806537655244,12.427603647468425,1.9680680230011562,1.8335556877900023,1.8331925441256642,1.8411655008588028,1.9036830683843655,1.7357359291340482,1.7806877513908812,1.915194079706005
2.7500000069030617,1.8589367274650141,0.06729244363573363,25.375821938793283,18.61449090393775,13.153307552278477,1.9699044126926826,1.8413428345645377,1.842251144736609,1.8493692866994114,1.9088462170862044,1.746810065093802,1.7926198421622848,1.9203500166845808
3.0000000075789286,1.8655648785025054,0.0646192475426123,24.331253891609062,13.418081891451525,14.976335222940216,1.9714958896759394,1.8482106162198693,1.8501485075653135,1.8566656280816998,1.9134326377783688,1.756653452688326,1.8030974204197054,1.9248148755908203
3.2500000082547955,1.8713992031677278,0.062261150360186764,24.372506330200956,11.02070415639469,15.778229499070212,1.9728837299673345,1.8542490022772442,1.8570674881521358,1.863111459339031,1.917485874695805,1.7653455740679025,1.8123384702906258,1.9287120265517437
3.500000008930662,1.876734732850674,0.06004832570314275,24.906711187381678,9.8983951203128,17.643314946441123,1.9741341246014408,1.8598647049934067,1.8633514923304162,1.8689650730614669,1.9211400098282871,1.7735584466882968,1.8206720947499968,1.9321919165520802
3.7500000096065285,1.8816859880104748,0.057928099126159587,25.705998598088772,9.476682709444741,18.51198390927744,1.9752767321600966,1.8651622012838767,1.869126008068604,1.8743446242101673,1.924474620626156,1.7814776756433948,1.8282929290860745,1.935333113005428
4.000000010282395,1.886188524695722,0.05597721777477969,26.673239370675326,9.494926500159593,20.509537304433454,1.9763075323447852,1.8700034243759445,1.8743566887377634,1.879218220834667,1.9274893736629888,1.788775362234231,1.83520037644638,1.9381572189290155
4.250000010958262,1.8902623362300022,0.054217774985115826,27.764221317168076,9.80911169145511,21.45932667299149,1.9772335875556675,1.8743728446892622,1.879068678865722,1.8836656283954154,1.9302431907487836,1.7953582220147515,1.841456414417542,1.9407001231528722
4.500000011634129,1.89401439847716,0.0525767213452497,28.950898804493352,10.325247552666998,23.739646019538043,1.978080835012557,1.878419204396031,1.8833936513641436,1.8877412282165145,1.932760640167062,1.8015077715608245,1.847195417644574,1.9430164394555738
4.750000012309996,1.8975324416225547,0.05100805666402792,30.21135833487659,10.981403114187115,24.746557148809234,1.9788674590416653,1.8822552087220656,1.8874267513763892,1.8915403845754946,1.9350956463730034,1.8074030277277116,1.8525210349028278,1.9451500202612806
5.000000012985863,1.9008030374140104,0.049533915397987474,31.531548141979492,11.73878621683005,27.18354537696993,1.9795941633833485,1.8858389519405114,1.8911619727939817,1.8950615707319518,1.9372548925200737,1.8129496147301905,1.857450458377918,1.9471126748341068
5.2500000136617295,1.9038144138660806,0.04817828806774394,32.904206466,12.572939635853839,28.24125028944508,1.9802609494849908,1.8891357507662239,1.8945974763611517,1.898312938261253,1.9392491429443255,1.8180489859789042,1.8619940540080373,1.9489160131237584
5.500000018954208,1.9066156603800781,0.04691284629024581,34.32457646070255,13.467389431443149,30.78552718907513,1.9808782818434103,1.8922045982558977,1.8977820809829447,1.901343016598244,1.9411070036938505,1.8228118470377181,1.8662152344703,1.9505832201582602
5.7500000254147645,1.9092569560753017,0.045702494145999605,35.787268773949776,14.41061021324696,31.9057470603657,1.9814577169200553,1.8951188703264727,1.9007763537608742,1.9041792556851334,1.9428406424678597,1.8273732599964412,1.8701718656583737,1.9521376837872046
6.000000031875322,1.911748599263477,0.044550897139577855,37.2876377328376,15.394687296183996,34.5637493913719,1.9820011598501772,1.8978817158543768,1.9035921453828282,1.9068513483130152,1.944469725738805,1.8317174376468375,1.8738849988973616,1.953590262424416
6.2500000383358785,1.9140746947489258,0.043474961450355315,38.82318942872673,16.41419631464718,35.73782952339459,1.9825073738094643,1.9004611787585535,1.9062184210707764,1.909347416743767,1.9459914632647906,1.8357758542228422,1.877352529055813,1.9549433210653977
6.500000044796435,1.9162547111921042,0.0424664804929168,40.39250750653985,17.46524877947854,38.5742253692812,1.9829801014279795,1.9028795720863063,1.9086757395983023,1.911691931347044,1.9474209320324964,1.8395795747159052,1.8806019613349212,1.956207876993879
6.7500000512569915,1.918322545389879,0.041501305830561976,41.993781850486094,18.544929516113463,39.807504791965755,1.9834262162738086,1.905182411192441,1.9109996104166138,1.9139087743543826,1.9487699822312676,1.8432218786895893,1.883673459439721,1.9573980305212086
7.000000057717549,1.9202891057920022,0.0405750263334577,43.62483453567603,19.650995924240366,42.79816946206121,1.9838508308186358,1.9073825463929506,1.9132048728477355,1.9160072641436754,1.9500449748398012,1.8467208673630033,1.8865817170684631,1.958519772861753
7.2500000641781055,1.9221477616576137,0.03969880908106937,45.2843094658793,20.78173241789647,44.07735087697473,1.9842501890621926,1.9094648611595513,1.9152858138835445,1.917994223801528,1.9512514846188682,1.8500304009970325,1.8893278300293108,1.9595772897088803
7.500000070638661,1.9238982195327015,0.03887523525085125,46.97159341539908,21.935836079322907,47.181073993055016,1.9846227397826315,1.911427283213913,1.9172485773772172,1.9198688624849574,1.9523860059901883,1.8531401393421252,1.8919128428723733,1.9605793051982066
7.750000077099218,1.9255633038445032,0.038088609153758335,48.68594902964692,23.112278826807902,48.51952939941746,1.984977299623624,1.9132933762708395,1.9191133912024696,1.9216532113947677,1.9534648738950762,1.8561133674675776,1.8943647139582387,1.9615261969434332
8.000000083559774,1.9271625502385343,0.03732724189260385,50.426074817080604,24.30990480873292,51.736469185582585,1.9853212171850598,1.9151016198607946,1.9208943681615898,1.9233535249913707,1.954493145836264,1.8589937217543502,1.8967131247978852,1.9624296793209597
8.25000009002033,1.9286867169946258,0.036602681915866714,52.190761728439284,25.527491362047908,53.12034150243118,1.9856573864584814,1.916825888394881,1.922589146854317,1.9249725111709661,1.9554717072474006,1.8617442949682892,1.898943366894495,1.9632894339681768
8.500000096480889,1.9301322615193337,0.035915091430251386,53.97957677594678,26.7642582241952,56.474912083017486,1.985984591421558,1.9184454661537986,1.924194085126233,1.9265134352334126,1.9564107026179727,1.864359429719085,1.9010619327977825,1.9640884490848278
8.750000102941446,1.931517164052808,0.03525384848309595,55.792252610449445,28.01986788893874,57.91059676907322,1.9862972178094633,1.920009619891699,1.9257261461887618,1.9279827624776398,1.9573073189947068,1.8668709431172248,1.9030924524733648,1.964850851469603
9.000000109402002,1.9328523454033193,0.03462134205884328,57.62752868383274,29.292947019446814,61.40122623788745,1.9866113647536296,1.9215322307226228,1.9271985874719584,1.9293926487948618,1.958159023688762,1.8692925260980455,1.9050294998301078,1.9656028818665676
9.250000115862559,1.9341633021976552,0.03401027399291124,59.48239936344492,30.578699715951814,62.8598612436803,1.986988134097073,1.9230487838198589,1.9286064358161905,1.930741104765396,1.95899294827816,1.8716826673460187,1.9069199619600208,1.9663263814985252
9.500000122323117,1.9354467573309844,0.03341259468158396,61.35362592935204,31.87134016760116,66.40365230283123,1.987380814919904,1.9245738037066555,1.9299496944836603,1.9320312409286902,1.959808973117536,1.874024965874899,1.9087840091472614,1.967020556469269
9.750000128783674,1.936679683712543,0.03284561978882739,63.24126565712945,33.171023854888354,67.85353761254096,1.9877573363177699,1.9260618872372062,1.9312402107133482,1.9332670271125436,1.9605780265860524,1.8762546178787516,1.910561550909246,1.9677168129454274
10.00000013524423,1.9380024913337741,0.032303201543924506,65.13794853350731,34.46452591427638,71.34636700747366,1.9884590270492795,1.9277505848249896,1.9324823079720943,1.9344553270026466,1.9613851147657533,1.8786348078402777,1.9124001709377265,1.9684525902774255
10.250000141704785,1.9394643333575787,0.03178105058168699,67.01972268972541,35.70894028191074,72.56376675999067,1.989486976367587,1.9298320685019337,1.9336936091946157,1.9355993817299029,1.9622012066569334,1.8811871626972572,1.9143584765904116,1.9693557851219878
10.500000148165341,1.9408506166028445,0.03131132161996147,68.87777707561273,36.88787878127689,75.7402453484396,1.9904522845112922,1.9318341843526583,1.9348676393305857,1.9366965433734833,1.9629333355775913,1.8835451527405,1.9161680223889737,1.9703077705476713
10.7500001546259,1.9424754741576353,0.03087390416755871,70.69929390210383,37.976902157430814,76.5887759902607,1.9920510355426078,1.9343343190910411,1.9359972411127442,1.9377521716534891,1.9637683153711858,1.8862834129785382,1.918205343960221,1.971411953551255
11.000000161086456,1.9444747763271542,0.03048981913196434,72.43531184986058,38.88722763737272,78.91153750383671,1.994540303832577,1.9376485250661086,1.9371060807900742,1.9387693382444469,1.9647406811504609,1.8895807115681964,1.9206006954330999,1.9728118745322702
11.250000167547014,1.9466174804131269,0.030167235981707587,74.05906684635752,39.57161215296545,78.87820217443772,1.9974337099422097,1.9412694206961247,1.9381860462220124,1.9397520173566905,1.9657691369405177,1.8930951140622772,1.9231131452792005,1.974321252805983
11.500000174007571,1.949752631914046,0.030036918699475973,75.51513039437206,39.93432734546368,79.45885312841375,2.0025198161455986,1.9469528311881719,1.9392801380429372,1.9406994036334067,1.9671798311248143,1.8980872936724522,1.926614276292256,1.9766874652127304
11.750000180468128,1.9545129073526049,0.03033058329225889,76.65406813782441,39.722589819881975,77.13446705225334,2.0110285970989663,1.9558519406905097,1.9404066409342164,1.941612013241145,1.9693369294101797,1.905582729494021,1.931861603760388,1.9804228041914131
12.000000186928684,1.9616596167968954,0.031512146642364514,77.3171632241516,38.700740091647845,73.54892716320556,2.024039913674567,1.9693207444227028,1.941648107365757,1.9424946828607623,1.972699567572017,1.9167391530210847,1.9399069197567338,1.986427845701538
12.25000019338924,1.9708230447636015,0.034039640589586154,77.35347531371791,36.70799539750119,67.79711755534869,2.0408152464450753,1.9864160570482134,1.9429790222077343,1.9433487341346134,1.9772598716905736,1.9310187588413246,1.9503872169387342,1.9943594508025424
12.500000199849797,1.9800930436316717,0.0374345617138373,76.88741976180751,34.07483229632215,61.202504225110545,2.0576357936406757,2.003696622283749,1.9443051374123619,1.9441755381558865,1.9819280838000113,1.9454176822636948,1.9610756414943211,2.002509850002673
12.750000206310354,1.995747979544356,0.044404624439382125,75.90246405835333,30.960287463043084,54.149845446419185,2.0850664059595685,2.0315038297313803,1.9463939095534288,1.9449744018705732,1.9911154768203396,1.96903371910683,1.9796021144325842,2.0182939788801453
13.00000021277091,2.0212963734168437,0.05684805500628979,74.03434550958562,27.207660300271897,44.982274570378124,2.1273774548906053,2.074114910547089,1.950342830359846,1.945747509333629,2.0091306606726698,2.0067626772506437,2.0110251918727218,2.0458697524075418
13.250000219231469,2.0464239523460153,0.07012476013105366,71.48264194980031,23.44125807276764,37.977881768829015,2.1687034465090735,2.1158457488127347,1.9545107957876955,1.9464965858302783,2.0268629624705894,2.0436922575799645,2.0419396164727783,2.0733402053050076
13.500000225692025,2.075947325654385,0.08574470055013286,68.62597125409157,20.295598512361785,30.854103321136737,2.2158152055712907,2.163128529615886,1.960370053698983,1.9472237988803884,2.0498119280702096,2.0863542862734916,2.0784627451815916,2.10641205794324
13.750000232152582,2.1163030483115746,0.10594605709358583,65.41585213224357,17.88383762097987,25.869917892682004,2.276701308581203,2.2242264838338572,1.9717216320794086,1.9479292099228374,2.0852762537661875,2.1428474369323665,2.128726877243304,2.1529951841334296
14.000000238613138,2.159184752022931,0.12715792716443935,61.95208663651193,16.33172846987182,20.85993118873598,2.3402151073799424,2.287958497098217,1.9855405139332443,1.9486132453549827,2.1241099691447185,2.2021454461982843,2.182029809577241,2.2028654274968176
14.250000245073695,2.200269421376507,0.14768943919477548,58.53420781206834,15.689843498631042,17.874936595803632,2.4009784090211794,2.348868692212249,1.99880980903211,1.949281073054932,2.1615752003693527,2.2589467971209323,2.2331123265175483,2.2505830636837527
14.500000251534251,2.245855973439513,0.16955975782713917,55.29784949024359,15.780449025056331,14.789101419082646,2.4666288721421608,2.414723462820133,2.016519819719816,1.949929144207012,2.204810598550263,2.320899429023389,2.2896178264600535,2.3037186345932783
14.750000257994808,2.3012669801527164,0.1942784059533077,52.19663108271114,16.35475764132543,12.941450281030091,2.5433911100695656,2.49171281964703,2.0443196358614473,1.950556979520014,2.259864361092767,2.3941476263281416,2.3576397576909263,2.368503551011842
15.000000264455364,2.365787232360878,0.22148609634879715,49.17699319503735,17.21612830549341,10.848867466168299,2.63020670433487,2.5787236203466173,2.082685510276,1.9511780447029012,2.3258956257943364,2.477623999422986,2.4361030497989957,2.443881304210319
15.250000270915923,2.4259459336812204,0.24724045748091364,46.33210805437441,18.23209012464269,9.658752467290675,2.7113306477636394,2.660050888467079,2.1178897870480116,1.9517834409449946,2.3873692745824817,2.555629099526003,2.509358262057907,2.514156069059647
15.50000027737648,2.4916887683511604,0.2743261339300846,43.73540826433893,19.30854564867444,8.27226379163575,2.798248564683497,2.7472072380206276,2.160843940346477,1.9523775898675222,2.455546323983122,2.6396051237115783,2.5888266991815474,2.5908546670149097
15.750000283837036,2.574973442818231,0.3063368841984872,41.30105962754826,20.39201978367132,7.461515318401854,2.9047132535179316,2.8539012283522003,2.224855112129403,1.9530123494026206,2.54418776854234,2.743301454611099,2.6882266390628344,2.68758973692742
16.000000290297592,2.664205439526388,0.340099172049217,38.99354455218831,21.464664685643655,6.4524087874890705,3.0174058729361968,2.9668225439559057,2.297109879558701,1.953658613016858,2.639971268895652,2.8533945482650243,2.794234823254058,2.791045966328709
16.25000029675815,2.7494250389974906,0.3726487360317917,36.87875916089755,22.52076287161653,5.8899743144924965,3.1249599221961417,3.074609880558569,2.3662717284885644,1.954267645894669,2.7314723609840494,2.958505554239216,2.895462731021445,2.8898504885972702
16.500000303218705,2.8436574674939177,0.40786808737838454,34.97611705023279,23.55683576443685,5.169215989172787,3.2422742710737364,3.192153822833717,2.44705365154932,1.955077144332349,2.8335394672854264,3.073520005097544,3.0067797347752006,2.9988616430040467
16.750000309679262,2.9485384872537557,0.4462866081486094,33.247416904948125,24.570719199630958,4.766043217614781,3.3711860596710705,3.3212969353687356,2.541200794817086,1.9564683693023688,2.947974541989642,3.2002741242899315,3.1300161015608614,3.1198909710303475
17.00000031613982,3.055573184894052,0.48534075631103335,31.685538180366642,25.55311611202805,4.229051593713641,3.502031458016185,3.45237499143141,2.6389846450537675,1.958290602938892,3.0650684470499328,3.3290934609573033,3.2554872937821555,3.2432545799227688
17.250000322600375,3.1687379741747557,0.5259026800215983,30.28666021332395,26.487563993654287,3.935720474394124,3.6391986313697626,3.5897741706553887,2.7446908787784263,1.9618317164627455,3.1891706037213083,3.464358416797839,3.387563540049984,3.37331583556259
17.50000032906093,3.2923842345503753,0.5683093589189261,29.010617622985425,27.3213803342235,3.5267701812548387,3.7871941447532027,3.738002036102443,2.862744421554425,1.970515196827889,3.3247502819256383,3.610569040645772,3.530737071726958,3.514561682866674
17.750000335521488,3.4271152507583635,0.6112150469343455,27.797134028493982,27.94071469035159,3.3028708951276955,3.9460562886219672,3.8970966975390597,2.993106042867008,1.9890542287558965,3.471809638817242,3.767756383897265,3.685030720129755,3.6670120054387123
18.000000341982044,3.570040902816448,0.6532961249178761,26.57536094877316,28.190807320460355,2.981371095506565,4.112364018434575,4.063636924476527,3.1322772300195583,2.0184232686752543,3.6268951175799953,3.9324933577637524,3.847009851761658,3.8272274538202615
18.250000348442605,3.7202539453934755,0.6940545430616051,25.297130356261412,27.963510259317953,2.806860179737829,4.285038779550075,4.236543920523174,3.279108068550108,2.0590526333814876,3.7888974674110796,4.103695479088753,4.015582859060691,3.9941123555824367
18.500000354903158,3.8808695302992873,0.7333465004660935,23.917260645115586,27.169696614612537,2.5506445322208564,4.467170452408387,4.418907423753957,3.4366214948446157,2.114363769562587,3.9608776131064243,4.284447143955917,4.193827475732724,4.170740869029688
18.750000361363718,4.044995641733353,0.7711009709832451,22.43823595476226,25.839321696206852,2.4130906758673376,4.651867304849528,4.60383553392386,3.597862718285571,2.177584194958762,4.1359169013833,4.467851539211515,4.37484066400478,4.350206277249506
19.00000036782427,4.215955599377899,0.8073563097620124,20.904886176652123,24.11006320260492,2.2078057425749855,4.842493912529789,4.794692694994359,3.7661371654352602,2.251862269808904,4.317354613326474,4.65726850209953,4.561976457100119,4.535859179728762
19.25000037428483,4.3994831205705465,0.842155937797374,19.342463430787728,22.08173541281639,2.0982062061914446,5.044823690583134,4.997252155473711,3.947162736066497,2.342761293620747,4.510940273199423,4.8584668782708675,4.76099810088334,4.733459836466654
19.500000380745384,4.585027352127687,0.8755502826322398,17.803021258061108,19.91475410799855,1.931251903403285,5.248345390361521,5.2010026863733705,4.130375942261632,2.4395536165065796,4.706140315390441,5.060931220421458,4.961385011421399,4.932484634285094
19.750000387205944,4.767835451730727,0.9075954972626049,16.35126106992197,17.792453909594144,1.844618807870169,5.44834584304314,5.40123096923282,4.3110144936781,2.5373032393626453,4.898220553898681,5.259944450022602,5.15841525418055,5.128208810427275
20.000000393666497,4.959616457088072,0.9383476796310374,15.013670748117862,15.80417905044475,1.7091932325242223,5.65657189315828,5.609683753209178,4.5007790009991195,2.6475436353472475,5.098908029060436,5.4672496940269,5.363827368610167,5.332368282293246
20.250000400127057,5.1593340030051795,0.9678598402581281,13.791488418024745,13.976292719153344,1.6397454972488976,5.872022204620583,5.8253596608781,4.698624543105547,2.769077136505467,5.307182760558719,5.681842110690013,5.576612196083398,5.543951411599602
20.500000406587613,5.358370587824702,0.9961846273455801,12.688825471428876,12.33517107928741,1.528353020451148,6.086112883696806,6.039674729719423,4.895926183416626,2.8931299971070605,5.514443277609375,5.895134532400306,5.788178487482993,5.754364611165022
20.75000041304817,5.550772237677569,1.0233722024603815,11.710008526839966,10.901238465814615,1.4732672723703788,6.29292147094166,6.2467064107095975,5.086722698076134,3.0136020959827095,5.714750582785609,6.101201445881297,5.992596910530049,5.9576762865135
21.000000419508726,5.749415117689411,1.049470779069414,10.845443607836122,9.661212377095506,1.381894376575751,6.5053539386076835,6.459360625165062,5.28388349150791,3.1432312376729405,5.9209950209213105,6.312945925011658,6.202766917910453,6.166783784718268
21.250000425969283,5.956576287147687,1.0745269203742087,10.076787188040338,8.582366486725878,1.337555884533795,6.725715691508932,6.679942744955395,5.489679452272393,3.284162502722441,6.135467211432423,6.5326706133570385,6.4209877154492885,6.3839843654835855
21.500000432429843,6.159060909372978,1.098584647707525,9.393570114919285,7.646777050277003,1.2614523138018614,6.940838492002228,6.895284502949328,5.6909097109575475,3.423077554355462,6.344984973134145,6.74720469527251,6.634085247776463,6.596102098536139
21.750000438890396,6.35378552266029,1.1216861179424196,8.78928979927935,6.842831916115233,1.2261229111811187,7.147664095474632,7.10232759433541,5.884485144192015,3.5567756711613345,6.5464768913807,6.9534875087695704,6.8389958044264265,6.800071471542235
22.000000445350956,6.552609401570855,1.1438716457682858,8.253648224952654,6.151183973116823,1.162903244407473,7.358075693261102,7.312955178891698,6.082259746159039,3.6970047920341575,6.75181368574138,7.163399945983401,7.047597371931065,7.0077687985649915
22.250000451811513,6.7527259207791195,1.165179559122772,7.776004005574889,5.552197006507585,1.134543043492673,7.569289274660644,7.52438326160582,6.2814218965103645,3.8408530933516296,6.958199513670695,7.374155794231674,7.257100977330151,7.216403554871975
22.50000045827207,6.94675581967701,1.1856464127564923,7.3491321164933385,5.032587443264194,1.0816032493079881,7.773947021126801,7.729254011184188,6.474587595149109,3.9808415150068615,7.158265365556056,7.578395165435456,7.46014412144868,7.418611762508928
22.750000464732626,7.134934211059584,1.205307139663353,6.967748046594763,4.582460772459091,1.0591163814620734,7.972304387999379,7.927822812663116,6.661987451497393,4.117110230574849,7.352256160800013,7.776371637346511,7.656977956440709,7.614643051154704
23.000000471193182,7.329671719892746,1.2241949395146217,6.625210961228155,4.190003799901815,1.0146530798520286,8.176791287696757,8.132519544835159,6.856027842697364,4.261979994500892,7.552591775019437,7.980513290072261,7.860028224874185,7.816921799445916
23.25000047765374,7.531640429193716,1.242341446183607,6.314984464259642,3.8441681989847796,0.9963712644803521,8.388098107375061,8.344034614071864,7.057376856616591,4.4160375504951,7.759953064021179,8.191508760572212,8.06998133334697,8.026133147050752
23.500000484114295,7.729109983569862,1.2597768450227176,6.032965677611094,3.5380817595370067,0.9584203044613829,8.594511893638943,8.550655053589088,7.254300353494032,4.567471357079698,7.962618034356634,8.397643443844242,8.275120567790477,8.230559164765783
23.750000490574852,7.922290240053686,1.2765298977956974,5.776497601024682,3.267177470356462,0.9436006362279292,8.79625902434182,8.75260723033039,7.447004590628846,4.716414123352472,8.160804499786405,8.59914217397683,8.475668768443144,8.430421509569573
24.000000497035412,8.11634399687094,1.2926280282088278,5.542580794518627,3.0265394269708876,0.9112085647431533,8.998518010467674,8.955069638616395,7.640648961582637,4.867955261745479,8.359682828201832,8.801181988248,8.67680107884537,8.630894207260136
24.250000503495965,8.305823000217295,1.3080973801250706,5.32866295545756,2.8120645478213393,0.8992398543843004,9.195855540752188,9.152608976762153,7.829781997033808,5.016576703960624,8.55381196521271,8.998328171571702,8.873080963452043,8.826539682993127
24.500000509956525,8.49126342424773,1.322962886989068,5.132853067523635,2.6206772716196243,0.8716081733529362,9.388822006738152,9.345775644365546,8.014936820749949,5.162748167773918,8.743734936281136,9.191129779648787,9.065055760268452,9.017904278155905
24.750000516417078,8.678239684845835,1.3372483524666292,4.9530867217416095,2.449209639419343,0.8620376086888228,9.583005358881795,9.54015756836882,8.201684931742589,5.311980732765895,8.935032713406267,9.385173524435377,9.258310553906536,9.210572095259392
25.000000522877638,8.866876729842467,1.3509764745214197,4.787410275617305,2.294794316998169,0.8383520127514048,9.778543434688443,9.735892601882309,8.390148539374126,5.464339041141875,9.127836466363634,9.58059603844455,9.452980414250666,9.404677302594132
